s_num|e_num|name|minutes|link|desc|notes
1|1|An Unearthly Child|100|https://en.wikipedia.org/wiki/An_Unearthly_Child|Two school teachers' curiosity leads them to an old box in a junkyard.|
1|2|The Daleks|175|https://en.wikipedia.org/wiki/The_Daleks|The TARDIS lands the Doctor, Susan, Ian and Barbara on Skaro.|
1|3|The Edge of Destruction|50|https://en.wikipedia.org/wiki/The_Edge_of_Destruction|The TARDIS falters. The Doctor, Susan, Ian and Barbara turn on each other.|
1|4|Marco Polo|175|https://en.wikipedia.org/wiki/Marco_Polo_%28Doctor_Who%29|The TARDIS lands in Central Asia where the travellers meet Marco Polo.|Lost
1|5|The Keys of Marinus|150|https://en.wikipedia.org/wiki/The_Keys_of_Marinus|The crew undertakes a series of dangerous quests to find the keys of Marinus.|
1|6|The Aztecs|100|https://en.wikipedia.org/wiki/The_Aztecs_%28Doctor_Who%29|The travellers land in an Aztec tomb and get cut off from the TARDIS.|
1|7|The Sensorites|150|https://en.wikipedia.org/wiki/The_Sensorites|The TARDIS lands inside a spaceship orbiting the planet Sense-Sphere.|
1|8|The Reign of Terror|150|https://en.wikipedia.org/wiki/The_Reign_of_Terror_%28Doctor_Who%29|The Doctor and his companions become embroiled in the French Revolution.|Partially Lost
2|9|Planet of Giants|75|https://en.wikipedia.org/wiki/Planet_of_Giants|The TARDIS doors open before too early causing it and everyone inside to shrink.|
2|10|The Dalek Invasion of Earth|150|https://en.wikipedia.org/wiki/The_Dalek_Invasion_of_Earth|Ian and Barbara are happy to back in London, until the Daleks arrive.|
2|11|The Rescue|50|https://en.wikipedia.org/wiki/The_Rescue_%28Doctor_Who%29|Two humans are stranded on the planet Dido.|
2|12|The Romans|100|https://en.wikipedia.org/wiki/The_Romans_%28Doctor_Who%29|The Doctor and his friends take a holiday to Nero's Rome.|
2|13|The Web Planet|150|https://en.wikipedia.org/wiki/The_Web_Planet|The TARDIS is dragged to the bug planet Vortis, which is at war.|
2|14|The Crusade|100|https://en.wikipedia.org/wiki/The_Crusade_%28Doctor_Who%29|The TARDIS lands in Palestine where King Richard the Lionheart wages war.|Partially Lost
2|15|The Space Museum|100|https://en.wikipedia.org/wiki/The_Space_Museum|The TARDIS lands on Xeros where the travellers see their future.|
2|16|The Chase|150|https://en.wikipedia.org/wiki/The_Chase_%28Doctor_Who%29|The Daleks have built a space/time vehicle and are in pursuit of the Doctor.|
2|17|The Time Meddler|100|https://en.wikipedia.org/wiki/The_Time_Meddler|The Doctor faces one of his own race; who is trying to alter earth's history.|
3|18|Galaxy 4|100|https://en.wikipedia.org/wiki/Galaxy_4|The TARDIS lands on a barren world where the travellers encounter the Drahvins.|Partially Lost
3|19|Mission to the Unknown|25|https://en.wikipedia.org/wiki/Mission_to_the_Unknown|A Space Security Service agent arrives on the planet Kembel, hunting Daleks.|Lost
3|20|The Myth Makers|100|https://en.wikipedia.org/wiki/The_Myth_Makers|The TARDIS materialises on the plains beyond the besieged city of Troy.|Lost
3|21|The Daleks' Master Plan|150|https://en.wikipedia.org/wiki/The_Daleks%27_Master_Plan|The Doctor battles the Daleks across spacetime in this epic tale.|Partially Lost
3|22|The Massacre of St Bartholomew's Eve|100|https://en.wikipedia.org/wiki/The_Massacre_of_St_Bartholomew%27s_Eve|The TARDIS takes the Doctor and Steven to Paris in 1572.|Lost
3|23|The Ark|100|https://en.wikipedia.org/wiki/The_Ark_%28Doctor_Who%29|The TARDIS travels to a giant spacecraft in the far future.|
3|24|The Celestial Toymaker|100|https://en.wikipedia.org/wiki/The_Celestial_Toymaker|The Doctor and his companions meet the immortal Celestial Toymaker.|Partially Lost
3|25|The Gunfighters|100|https://en.wikipedia.org/wiki/The_Gunfighters|The Doctor is barely involved in the gun fight at the OK Corral.|
3|26|The Savages|100|https://en.wikipedia.org/wiki/The_Savages_%28Doctor_Who%29|The TARDIS arrives on a world with a seemingly utopian society.|Lost
3|27|The War Machines|100|https://en.wikipedia.org/wiki/The_War_Machines|A worldwide computer system takes over and decides to wipe out humanity.|
4|28|The Smugglers|100|https://en.wikipedia.org/wiki/The_Smugglers|The TARDIS takes the Doctor and his new companions, Ben and Polly, to Cornwall.|Lost
4|29|The Tenth Planet|100|https://en.wikipedia.org/wiki/The_Tenth_Planet|The Doctor regenerates after his battle with the Cybermen.|Partially Lost
4|30|The Power of the Daleks|150|https://en.wikipedia.org/wiki/The_Power_of_the_Daleks|In the Second Doctor's debut, he must defeat the Daleks on Vulcan.|Partially Lost
4|31|The Highlanders|100|https://en.wikipedia.org/wiki/The_Highlanders_%28Doctor_Who%29|As the battle of Culloden has come to an end, the TARDIS arrives in Scotland.|Lost
4|32|The Underwater Menace|100|https://en.wikipedia.org/wiki/The_Underwater_Menace|The time travellers are taken prisoner on a volcanic island.|Partially Lost
4|33|The Moonbase|100|https://en.wikipedia.org/wiki/The_Moonbase|The Doctor and company arrive on the moon in 2070 but the Cybermen are waiting.|Partially Lost
4|34|The Macra Terror|100|https://en.wikipedia.org/wiki/The_Macra_Terror|The TARDIS lands on a human colony world where everyone appears to be happy.|Lost
4|35|The Faceless Ones|150|https://en.wikipedia.org/wiki/The_Faceless_Ones|The TARDIS arrives in the landing path of a plane at Gatwick airport.|Partially Lost
4|36|The Evil of the Daleks|175|https://en.wikipedia.org/wiki/The_Evil_of_the_Daleks|Battle rages from Victorian England to Skaro where the Daleks seem finished.|Partially Lost
5|37|The Tomb of the Cybermen|100|https://en.wikipedia.org/wiki/The_Tomb_of_the_Cybermen|An archealogical dig on Telos investigates the long-dead Cybermen.|
5|38|The Abominable Snowmen|150|https://en.wikipedia.org/wiki/The_Abominable_Snowmen|The Doctor is delighted when the TARDIS returns him to the Himalayas in 1935.|Partially Lost
5|39|The Ice Warriors|150|https://en.wikipedia.org/wiki/The_Ice_Warriors|The Doctor arrives on Earth during a new ice age and meets the Ice Warriors.|Partially Lost
5|40|The Enemy of the World|150|https://en.wikipedia.org/wiki/The_Enemy_of_the_World|The Doctor discovers he has a double: a powerful politician called Salamander.|
5|41|The Web of Fear|150|https://en.wikipedia.org/wiki/The_Web_of_Fear|The Yeti invade London, and we meet Colonel Lethbridge-Stewart.|Partially Lost
5|42|Fury from the Deep|150|https://en.wikipedia.org/wiki/Fury_from_the_Deep|The TARDIS lands on the sea near the coast of England.|Lost
5|43|The Wheel in Space|150|https://en.wikipedia.org/wiki/The_Wheel_in_Space|The TARDIS lands on a small spaceship where the Doctor is attacked by a Robot.|Partially Lost
6|44|The Dominators|125|https://en.wikipedia.org/wiki/The_Dominators|A Dominator spacecraft lands on the peaceful world of Dulkis.|
6|45|The Mind Robber|100|https://en.wikipedia.org/wiki/The_Mind_Robber|Escaping a volcano, the Doctor takes the TARDIS out of normal spacetime.|
6|46|The Invasion|200|https://en.wikipedia.org/wiki/The_Invasion_%28Doctor_Who%29|The travellers land in London where they help find computer scientist Watkins.|Partially Lost
6|47|The Krotons|100|https://en.wikipedia.org/wiki/The_Krotons|The TARDIS takes the Doctor, Jamie and Zoe to a world where they meet the Gonds.|
6|48|The Seeds of Death|150|https://en.wikipedia.org/wiki/The_Seeds_of_Death|The TARDIS arrives on Earth where T-Mat has revolutionised travel.|
6|49|The Space Pirates|150|https://en.wikipedia.org/wiki/The_Space_Pirates|The Doctor, Jamie and Zoe find themselves inside a space beacon.|Partially Lost
6|50|The War Games|250|https://en.wikipedia.org/wiki/The_War_Games|In the Second Doctor's swansong, the TARDIS lands in the Great War.|
7|51|Spearhead from Space|100|https://en.wikipedia.org/wiki/Spearhead_from_Space|After regenerating, the Doctor begins his exile on Earth by battling Autons.|
7|52|Doctor Who and the Silurians|175|https://en.wikipedia.org/wiki/Doctor_Who_and_the_Silurians|The Doctor and UNIT are called in when a research centre experiences problems.|
7|53|The Ambassadors of Death|175|https://en.wikipedia.org/wiki/The_Ambassadors_of_Death|Contact has been lost with Mars Probe 7 on its return journey to Earth.|
7|54|Inferno|175|https://en.wikipedia.org/wiki/Inferno_%28Doctor_Who%29|UNIT have been assigned to provide security for an experimental operation.|
8|55|Terror of the Autons|100|https://en.wikipedia.org/wiki/Terror_of_the_Autons|The Master breaks into a museum and steals a Nestene energy globe.|
8|56|The Mind of Evil|150|https://en.wikipedia.org/wiki/The_Mind_of_Evil|At Stangmoor Prison, the Doctor and Jo observe the Keller Machine.|
8|57|The Claws of Axos|100|https://en.wikipedia.org/wiki/The_Claws_of_Axos|An spaceship lands on Earth. In exchange for fuel, its crew gifts Earth.|
8|58|Colony in Space|150|https://en.wikipedia.org/wiki/Colony_in_Space|The Master has stolen the Time Lord files for a devastating Doomsday Weapon.|
8|59|The Dæmons|125|https://en.wikipedia.org/wiki/The_Dæmons|The Doctor watches a televised archaeological dig near Devil's End.|
9|60|Day of the Daleks|100|https://en.wikipedia.org/wiki/Day_of_the_Daleks|The world is on the brink of war and Sir Reginald Styles has to negotiate peace.|
9|61|The Curse of Peladon|100|https://en.wikipedia.org/wiki/The_Curse_of_Peladon|The stormy world of Peladon is at a pivotal moment in history.|
9|62|The Sea Devils|150|https://en.wikipedia.org/wiki/The_Sea_Devils|The Doctor and Jo visit the Master on a prison island.|
9|63|The Mutants|150|https://en.wikipedia.org/wiki/The_Mutants|The TARDIS takes the Doctor and Jo to the Skybase station orbiting planet Solos.|
9|64|The Time Monster|150|https://en.wikipedia.org/wiki/The_Time_Monster|A dream of the Master and a glowing crystal leads the Doctor to Earth.|
10|65|The Three Doctors|100|https://en.wikipedia.org/wiki/The_Three_Doctors_%28Doctor_Who%29|Gel creatures materialise around UNIT HQ and commence a full scale attack.|
10|66|Carnival of Monsters|100|https://en.wikipedia.org/wiki/Carnival_of_Monsters|The TARDIS lands on a ship in a bottle.|
10|67|Frontier in Space|150|https://en.wikipedia.org/wiki/Frontier_in_Space|The TARDIS lands in a future where Earth and Draconia are on the brink of war.|
10|68|Planet of the Daleks|150|https://en.wikipedia.org/wiki/Planet_of_the_Daleks|On the jungle planet of Spiridon, the Doctor and Jo join forces with the Thals.|
10|69|The Green Death|150|https://en.wikipedia.org/wiki/The_Green_Death|The Doctor and Jo discover that an old mine is infested with giant maggots.|
11|70|The Time Warrior|100|https://en.wikipedia.org/wiki/The_Time_Warrior|Sarah Jane Smith & the Sontarans debut in this adventure in medieval England.|
11|71|Invasion of the Dinosaurs|150|https://en.wikipedia.org/wiki/Invasion_of_the_Dinosaurs|Landing in London the Doctor and Sarah are puzzled to find the city deserted.|
11|72|Death to the Daleks|100|https://en.wikipedia.org/wiki/Death_to_the_Daleks|The TARDIS is drained of power and stranded on planet Exxilon.|
11|73|The Monster of Peladon|150|https://en.wikipedia.org/wiki/The_Monster_of_Peladon|The TARDIS returns the Doctor to Peladon fifty years after his last visit.|
11|74|Planet of the Spiders|150|https://en.wikipedia.org/wiki/Planet_of_the_Spiders|Giant Spiders and Mike Yates feature in the Third Doctor's swansong.|
12|75|Robot|100|https://en.wikipedia.org/wiki/Robot_%28Doctor_Who%29|After his regeneration, the Doctor investigates the robbery of top secret plans.|
12|76|The Ark in Space|100|https://en.wikipedia.org/wiki/The_Ark_in_Space|The TARDIS materialises aboard the Ark, a space station orbiting Earth.|
12|77|The Sontaran Experiment|50|https://en.wikipedia.org/wiki/The_Sontaran_Experiment|The crew arrive on a distant future Earth which is now a desolate wilderness.|
12|78|Genesis of the Daleks|150|https://en.wikipedia.org/wiki/Genesis_of_the_Daleks|The Time Lords send the Doctor to stop the Daleks conquering the Universe.|
12|79|Revenge of the Cybermen|100|https://en.wikipedia.org/wiki/Revenge_of_the_Cybermen|The time ring returns the Doctor, Sarah and Harry to space station Nerva.|
13|80|Terror of the Zygons|100|https://en.wikipedia.org/wiki/Terror_of_the_Zygons|Oil rigs off Scotland are being attacked by the Loch Ness monster.|
13|81|Planet of Evil|100|https://en.wikipedia.org/wiki/Planet_of_Evil|The TARDIS picks up a distress call so the Doctor and Sarah go to investigate.|
13|82|Pyramids of Mars|100|https://en.wikipedia.org/wiki/Pyramids_of_Mars|In England, 1911, the Doctor and Sarah encounter Sutekh, last of the Osirans.|
13|83|The Android Invasion|100|https://en.wikipedia.org/wiki/The_Android_Invasion|The Doctor and Sarah arrive on present day Earth. Or do they?|
13|84|The Brain of Morbius|100|https://en.wikipedia.org/wiki/The_Brain_of_Morbius|The TARDIS lands on wreckage-strewn Karn where Dr Solon gives the crew shelter.|
13|85|The Seeds of Doom|150|https://en.wikipedia.org/wiki/The_Seeds_of_Doom|An alien pod has been found and the Doctor rushes to investigate.|
14|86|The Masque of Mandragora|100|https://en.wikipedia.org/wiki/The_Masque_of_Mandragora|In 15th Century Italy, the Doctor & Sarah save Earth from the Mandragora Helix.|
14|87|The Hand of Fear|100|https://en.wikipedia.org/wiki/The_Hand_of_Fear|The Doctor & Sarah Jane battle a fossilised alien hand. Eldrad must live.|
14|88|The Deadly Assassin|100|https://en.wikipedia.org/wiki/The_Deadly_Assassin|The Doctor is framed for the assassination of the retiring Time Lord president.|
14|89|The Face of Evil|100|https://en.wikipedia.org/wiki/The_Face_of_Evil|The TARDIS lands in an alien jungle with a savage tribe: the Sevateem.|
14|90|The Robots of Death|100|https://en.wikipedia.org/wiki/The_Robots_of_Death|The TARDIS lands on a huge sandminer as it travels across a barren landscape.|
14|91|The Talons of Weng-Chiang|150|https://en.wikipedia.org/wiki/The_Talons_of_Weng-Chiang|The Doctor and Leela are attacked by stage performers in Victorian London.|
15|92|Horror of Fang Rock|100|https://en.wikipedia.org/wiki/Horror_of_Fang_Rock|The keepers of the lonely Fang Rock lighthouse start disappearing in the fog.|
15|93|The Invisible Enemy|100|https://en.wikipedia.org/wiki/The_Invisible_Enemy_%28Doctor_Who%29|Ill, the Doctor is injected into his own body to fight the infection.|
15|94|Image of the Fendahl|100|https://en.wikipedia.org/wiki/Image_of_the_Fendahl|The TARDIS is drawn to Fetch Priory where Professor Fendelman experiments.|
15|95|The Sun Makers|100|https://en.wikipedia.org/wiki/The_Sun_Makers|Arriving on Pluto, the Doctor is surprised to find it has breathable air.|
15|96|Underworld|100|https://en.wikipedia.org/wiki/Underworld_%28Doctor_Who%29|The TARDIS lands on a spacecraft piloted by the survivors of the planet Minyos.|
15|97|The Invasion of Time|150|https://en.wikipedia.org/wiki/The_Invasion_of_Time|The Sontarans invade Gallifrey and the Doctor constructs the Demat Gun.|
16|98|The Ribos Operation|100|https://en.wikipedia.org/wiki/The_Ribos_Operation|To restore cosmic balance, the White Guardian requires the Key to Time.|
16|99|The Pirate Planet|100|https://en.wikipedia.org/wiki/The_Pirate_Planet|The second segment of the Key is on the Planet Calufrax, which is missing.|
16|100|The Stones of Blood|100|https://en.wikipedia.org/wiki/The_Stones_of_Blood|Druids await the Docter on the Boscombe Moore.|
16|101|The Androids of Tara|100|https://en.wikipedia.org/wiki/The_Androids_of_Tara|In search of the fourth segment of the Key to Time, the TARDIS lands on Tara.|
16|102|The Power of Kroll|100|https://en.wikipedia.org/wiki/The_Power_of_Kroll|In search of the fifth segment of the Key to Time, Romana is taken by Swampies.|
16|103|The Armageddon Factor|150|https://en.wikipedia.org/wiki/The_Armageddon_Factor|In search of the final segment of the Key to Time, the TARDIS lands on Atrios.|
17|104|Destiny of the Daleks|100|https://en.wikipedia.org/wiki/Destiny_of_the_Daleks|The TARDIS lands on Skaro, but it is no longer abandoned.|
17|105|City of Death|100|https://en.wikipedia.org/wiki/City_of_Death|Time starts slipping as the Doctor shows Romana around Paris.|
17|106|The Creature from the Pit|100|https://en.wikipedia.org/wiki/The_Creature_from_the_Pit|After a distress call, the Doctor & Romana land on the jungle world Chloris.|
17|107|Nightmare of Eden|100|https://en.wikipedia.org/wiki/Nightmare_of_Eden|The Doctor, Romana & K9 arrive on the Empress and meet the scientist Tryst.|
17|108|The Horns of Nimon|100|https://en.wikipedia.org/wiki/The_Horns_of_Nimon|The Nimon has promised the rulers of the planet Skonnos advanced technology.|
18|109|The Leisure Hive|100|https://en.wikipedia.org/wiki/The_Leisure_Hive|After a disappointing holiday by the sea, the Doctor and Romana go to Argolis.|
18|110|Meglos|100|https://en.wikipedia.org/wiki/Meglos|At the invitation of an old friend, Zastor, the Doctor goes to Tigella.|
18|111|Full Circle|100|https://en.wikipedia.org/wiki/Full_Circle_%28Doctor_Who%29|On Alzarius the Doctor & Romana discover the descendants of a crashed starliner.|
18|112|State of Decay|100|https://en.wikipedia.org/wiki/State_of_Decay|Trapped in E-Space, the TARDIS lands on a world where three Lords rule.|
18|113|Warriors' Gate|100|https://en.wikipedia.org/wiki/Warriors%27_Gate|The TARDIS is drawn to an empty void by Biroc, a time sensitive Tharil.|
18|114|The Keeper of Traken|100|https://en.wikipedia.org/wiki/The_Keeper_of_Traken|The Master threatens the peaceful world of Traken.|
18|115|Logopolis|100|https://en.wikipedia.org/wiki/Logopolis|Warned of his own death, the Doctor must save the universe from the Master.|
19|116|Castrovalva|100|https://en.wikipedia.org/wiki/Castrovalva_%28Doctor_Who%29|The newly regenerated Doctor tries to avoid destruction within Event One.|
19|117|Four to Doomsday|100|https://en.wikipedia.org/wiki/Four_to_Doomsday|The Doctor meets Monarch who believes he will meet a god at the start of time.|
19|118|Kinda|100|https://en.wikipedia.org/wiki/Kinda_%28Doctor_Who%29|On the planet Deva Loka a primitive tribe, the Kinda, hides a dark secret.|
19|119|The Visitation|100|https://en.wikipedia.org/wiki/The_Visitation_%28Doctor_Who%29|The Doctor must stop a trio of Terileptil convicts wiping out the human race.|
19|120|Black Orchid|50|https://en.wikipedia.org/wiki/Black_Orchid_%28Doctor_Who%29|The Cranleigh house is hiding dark secrets, including one in a locked room.|
19|121|Earthshock|100|https://en.wikipedia.org/wiki/Earthshock|The Doctor discovers a bomb powerful enough to destroy the Earth.|
19|122|Time-Flight|100|https://en.wikipedia.org/wiki/Time-Flight|The Doctor discovers that aeroplanes have been drawn back in time by the Master.|
20|123|Arc of Infinity|100|https://en.wikipedia.org/wiki/Arc_of_Infinity|Omega has returned and sworn revenge on Gallifrey.|
20|124|Snakedance|100|https://en.wikipedia.org/wiki/Snakedance|The Mara, still hiding within Tegan's subconscious, wants to be reborn.|
20|125|Mawdryn Undead|100|https://en.wikipedia.org/wiki/Mawdryn_Undead|The Black Guardian employs Turlough to kill the Doctor.|
20|126|Terminus|100|https://en.wikipedia.org/wiki/Terminus_%28Doctor_Who%29|Terminus is the refuge of plague victims, dumped there by an uncaring Company.|
20|127|Enlightenment|100|https://en.wikipedia.org/wiki/Enlightenment_%28Doctor_Who%29|The Eternals are having a space race, but one works for the Black Guardian.|
20|128|The King's Demons|50|https://en.wikipedia.org/wiki/The_King%27s_Demons|The English King is a shape-changing android called Kamelion.|
20|129|The Five Doctors|90|https://en.wikipedia.org/wiki/The_Five_Doctors|The Doctor is taken out of time and placed in the Death Zone on Gallifrey?|
21|130|Warriors of the Deep|100|https://en.wikipedia.org/wiki/Warriors_of_the_Deep|The Silurians and Sea Devils provoke war to make them heirs to the planet.|
21|131|The Awakening|50|https://en.wikipedia.org/wiki/The_Awakening_%28Doctor_Who%29|An ancient evil, the Malus, exists within the church at Little Hodcombe.|
21|132|Frontios|100|https://en.wikipedia.org/wiki/Frontios|Something from Turlough's past is returning to destroy all life on Frontios.|
21|133|Resurrection of the Daleks|90|https://en.wikipedia.org/wiki/Resurrection_of_the_Daleks|The Daleks plan to replace the High Council of the Time Lords with duplicates.|
21|134|Planet of Fire|100|https://en.wikipedia.org/wiki/Planet_of_Fire|On the planet Sarn the truth of Turlough's original exile is revealed.|
21|135|The Caves of Androzani|100|https://en.wikipedia.org/wiki/The_Caves_of_Androzani|Sharaz Jek plots to return to power with the help of a corrupt industrialist.|
21|136|The Twin Dilemma|100|https://en.wikipedia.org/wiki/The_Twin_Dilemma|Mestor plans to use an explosion to spread his eggs throughout the universe.|
22|137|Attack of the Cybermen|90|https://en.wikipedia.org/wiki/Attack_of_the_Cybermen|The Cybermen plan to destroy Earth before their planet Mondas is destroyed.|
22|138|Vengeance on Varos|90|https://en.wikipedia.org/wiki/Vengeance_on_Varos|The population of Varos is entertained/controlled via violent TV shows.|
22|139|The Mark of the Rani|90|https://en.wikipedia.org/wiki/The_Mark_of_the_Rani|The Master and the Rani make an uneasy alliance on Earth.|
22|140|The Two Doctors|135|https://en.wikipedia.org/wiki/The_Two_Doctors|The Sixth Doctor must help his second incarnation changing into an Androgum.|
22|141|Timelash|90|https://en.wikipedia.org/wiki/Timelash|The Doctor and Peri meet H.G. Wells and the evil Borad.|
22|142|Revelation of the Daleks|90|https://en.wikipedia.org/wiki/Revelation_of_the_Daleks|Davros calls himself the Great Healer but is really turning humans into Daleks.|
23|143|The Trial of a Time Lord|355|https://en.wikipedia.org/wiki/The_Trial_of_a_Time_Lord|The Doctor is put on trial by the Time Lords but the court is not all it seems.|
24|144|Time and the Rani|100|https://en.wikipedia.org/wiki/Time_and_the_Rani|The Rani has kidnapped geniuses from throughout time to power a giant brain.|
24|145|Paradise Towers|100|https://en.wikipedia.org/wiki/Paradise_Towers|Paradise Towers is a tower block, with something terrible in the basement.|
24|146|Delta and the Bannermen|75|https://en.wikipedia.org/wiki/Delta_and_the_Bannermen|Evading the mercenary Bannermen, the Chimeron queen has fled to Earth.|
24|147|Dragonfire|75|https://en.wikipedia.org/wiki/Dragonfire_%28Doctor_Who%29|Beneath the Iceworld Kane seeks the secret of the dragonfire.|
25|148|Remembrance of the Daleks|100|https://en.wikipedia.org/wiki/Remembrance_of_the_Daleks|The Doctor and Ace are caught up in a battle between two factions of Daleks.|
25|149|The Happiness Patrol|75|https://en.wikipedia.org/wiki/The_Happiness_Patrol|On Terra Alpha everyone must be happy at all times or face the Kandyman.|
25|150|Silver Nemesis|75|https://en.wikipedia.org/wiki/Silver_Nemesis|Cybermen, neo-Nazis and time travellers all want to control the Nemesis Statue.|
25|151|The Greatest Show in the Galaxy|100|https://en.wikipedia.org/wiki/The_Greatest_Show_in_the_Galaxy|The Doctor takes Ace to visit the Psychic Circus on Segonax.|
26|152|Battlefield|100|https://en.wikipedia.org/wiki/Battlefield_%28Doctor_Who%29|Warriors from another dimension have come to Earth for one final battle.|
26|153|Ghost Light|75|https://en.wikipedia.org/wiki/Ghost_Light_%28Doctor_Who%29|Millennia ago, Light came to catalogue life. But while he slept, Earth evolved.|
26|154|The Curse of Fenric|100|https://en.wikipedia.org/wiki/The_Curse_of_Fenric|The Doctor's old enemy, Fenric, seeks revenge.|Chronologically before Ghost List
26|155|Survival|75|https://en.wikipedia.org/wiki/Survival_%28Doctor_Who%29|People have been transported to a strange planet on the verge of destruction.|
27|156|Doctor Who|85|https://en.wikipedia.org/wiki/Doctor_Who_%28film%29|A regenerated Doctor is chased by the Master through San Francisco in 1996.|
28|157|Rose|45|https://en.wikipedia.org/wiki/Rose_%28Doctor_Who%29|Rose Tyler meets the Doctor as he tries to stop the Nestene Consciousness.|
28|158|The End of the World|45|https://en.wikipedia.org/wiki/The_End_of_the_World_%28Doctor_Who%29|The Doctor takes Rose to the year 5-billion, to watch the Sun destroy the Earth.|
28|159|The Unquiet Dead|45|https://en.wikipedia.org/wiki/The_Unquiet_Dead|In 1869 Cardiff, Charles Dickens meets the walking dead.|
28|160|Aliens of London|90|https://en.wikipedia.org/wiki/Aliens_of_London|Rose returns home a year late, and a spaceship crashes into Big Ben.|
28|161|Dalek|45|https://en.wikipedia.org/wiki/Dalek_%28Doctor_Who_episode%29|The Doctor and Rose stumble upon an underground alien museum in Utah, 2012.|
28|162|The Long Game|45|https://en.wikipedia.org/wiki/The_Long_Game|The Doctor, Rose and Adam arrive in the year 200,000 on a TV satellite.|
28|163|Father's Day|45|https://en.wikipedia.org/wiki/Father%27s_Day_%28Doctor_Who%29|Rose tries to save her father from dying, and time unravels.|
28|164|The Empty Child|90|https://en.wikipedia.org/wiki/The_Empty_Child|Rose investigates a child wearing a gasmask in WWII, and meets Jack Harkness.|
28|165|Boom Town|45|https://en.wikipedia.org/wiki/Boom_Town_%28Doctor_Who%29|The Doctor, Rose and Captain Jack recharge the TARDIS on the Cardiff Rift.|
28|166|Bad Wolf|90|https://en.wikipedia.org/wiki/Bad_Wolf|The Doctor and Rose wake up in deadly reality TV shows.|
29|167|The Christmas Invasion|60|https://en.wikipedia.org/wiki/The_Christmas_Invasion|The Doctor is regenerating, but the Sycorax are coming for Earth.|
29|168|New Earth|45|https://en.wikipedia.org/wiki/New_Earth|In the year 5-billion, humanity settles New Earth.|
29|169|Tooth and Claw|45|https://en.wikipedia.org/wiki/Tooth_and_Claw_%28Doctor_Who%29|Werewolves trap Queen Victoria in the Torchwood house.|
29|170|School Reunion|45|https://en.wikipedia.org/wiki/School_Reunion_%28Doctor_Who%29|Sarah Jane Smith investigates the Deffry Vale School with her rusty dog, K9.|
29|171|The Girl in the Fireplace|45|https://en.wikipedia.org/wiki/The_Girl_in_the_Fireplace|Madame de Pompadour finds the Versailles under attack by clockwork droids.|
29|172|Rise of the Cybermen|90|https://en.wikipedia.org/wiki/Rise_of_the_Cybermen|The Doctor, Rose and Mickey return to an alternate, facist version of 2007.|
29|173|The Idiot's Lantern|45|https://en.wikipedia.org/wiki/The_Idiot%27s_Lantern|The people of 1953 Britain huddle round their TVs to watch the Coronation.|
29|174|The Satan Pit|90|https://en.wikipedia.org/wiki/The_Satan_Pit|Rose and the Doctor are trapped on a dangerous world orbitting a black hole.|
29|175|Love &amp; Monsters|45|https://en.wikipedia.org/wiki/Love_%26_Monsters|Elton is an ordinary man who joins LINDA to find the Doctor.|
29|176|Fear Her|45|https://en.wikipedia.org/wiki/Fear_Her|The Doctor and Rose visit the 2012 London Olympics, but children are vanishing.|
29|177|Army of Ghosts|90|https://en.wikipedia.org/wiki/Army_of_Ghosts|Ghosts appear around the Earth, and everyone but the Doctor and Rose accept it.|
30|178|The Runaway Bride|60|https://en.wikipedia.org/wiki/The_Runaway_Bride_%28Doctor_Who%29|Donna is transported to the TARDIS on her wedding day, and meets the Doctor.|
30|179|Smith and Jones|45|https://en.wikipedia.org/wiki/Smith_and_Jones_%28Doctor_Who%29|Dr Jones and her hospital are kidnapped by a Judoon platoon upon the Moon.|
30|180|The Shakespeare Code|45|https://en.wikipedia.org/wiki/The_Shakespeare_Code|The Doctor and Martha meet Shakespeare, but the Carrionites threaten the world.|
30|181|Gridlock|45|https://en.wikipedia.org/wiki/Gridlock_%28Doctor_Who%29|While visiting New Earth, Martha gets kidnapped and stuck in traffic.|
30|182|Daleks in Manhattan|90|https://en.wikipedia.org/wiki/Daleks_in_Manhattan|People are disappearing from 1930s Manhattan and pig men roam the sewers.|
30|183|The Lazarus Experiment|45|https://en.wikipedia.org/wiki/The_Lazarus_Experiment|Martha's sister works for Professor Lazarus, who makes world-changing claims.|
30|184|42|45|https://en.wikipedia.org/wiki/42_%28Doctor_Who%29|The crew of the Pentallian are burning alive as the ship is pulled into a star.|
30|185|Human Nature|90|https://en.wikipedia.org/wiki/Human_Nature_%28Doctor_Who%29|A schoolteacher called John Smith dreams of adventures in time and space.|
30|186|Blink|45|https://en.wikipedia.org/wiki/Blink_%28Doctor_Who%29|Sally Sparrow is chased by the weeping angles.|
30|187|Utopia|144|https://en.wikipedia.org/wiki/Utopia_%28Doctor_Who%29|Harry Saxon becomes Prime Minister and faces off with the Doctor.|
31|188|Voyage of the Damned|72|https://en.wikipedia.org/wiki/Voyage_of_the_Damned_%28Doctor_Who%29|The interstellar cruise ship Titanic is set to crash into the Earth.|
31|189|Partners in Crime|50|https://en.wikipedia.org/wiki/Partners_in_Crime_%28Doctor_Who%29|Donna Noble searches for the Doctor and investigates Adipose Industries.|
31|190|The Fires of Pompeii|50|https://en.wikipedia.org/wiki/The_Fires_of_Pompeii|The Doctor takes Donna to Pompeii, on the day of the eruption of Mt. Vesuvius.|
31|191|Planet of the Ood|45|https://en.wikipedia.org/wiki/Planet_of_the_Ood|The Doctor and Donna find the icy homeworld of the Ood slave-race.|
31|192|The Sontaran Stratagem|90|https://en.wikipedia.org/wiki/The_Sontaran_Stratagem|The Sontarans plan to take over Earth through the Rattigan Academy and ATMOS.|
31|193|The Doctor's Daughter|45|https://en.wikipedia.org/wiki/The_Doctor%27s_Daughter|Martha, Donna and the Doctor land on Messaline during a generations-old war.|
31|194|The Unicorn and the Wasp|45|https://en.wikipedia.org/wiki/The_Unicorn_and_the_Wasp|The Doctor and Donna meet Agatha Christie at a party and a body turns up.|
31|195|Silence in the Library|90|https://en.wikipedia.org/wiki/Silence_in_the_Library|The Doctor and Donna first meet River Song on a dead library planet.|
31|196|Midnight|45|https://en.wikipedia.org/wiki/Midnight_%28Doctor_Who%29|On a planet where nothing can live, the Doctor faces a strange intelligence.|
31|197|Turn Left|50|https://en.wikipedia.org/wiki/Turn_Left_%28Doctor_Who%29|Donna has her fortune read and the universe is in jeopardy.|
31|198|The Stolen Earth|110|https://en.wikipedia.org/wiki/The_Stolen_Earth|The Daleks steal the Earth, and threaten the entire universe.|
32|199|The Next Doctor|60|https://en.wikipedia.org/wiki/The_Next_Doctor|The Doctor meets another Doctor and they face the CyberKing.|
32|200|Planet of the Dead|60|https://en.wikipedia.org/wiki/Planet_of_the_Dead|On a London bus on a desert planet, the Doctor faces the swarm.|
32|201|The Waters of Mars|60|https://en.wikipedia.org/wiki/The_Waters_of_Mars|Mars, 2059, Bowie Base One. Don't drink the water. Not one drop.|
32|202|The End of Time|130|https://en.wikipedia.org/wiki/The_End_of_Time_%28Doctor_Who%29|Coming to the End of his life, the Master unleashes Hell on Earth.|
33|203|The Eleventh Hour|65|https://en.wikipedia.org/wiki/The_Eleventh_Hour_%28Doctor_Who%29|The Doctor meets Amy Pond. 12 years later they have 20 minutes to save Earth.|
33|204|The Beast Below|45|https://en.wikipedia.org/wiki/The_Beast_Below|The Doctor takes Amy to the distant future, and Britian flying through space.|
33|205|Victory of the Daleks|45|https://en.wikipedia.org/wiki/Victory_of_the_Daleks|The Doctor and Amy have to help Churchill stop the Daleks during WW2.|
33|206|The Time of Angels|90|https://en.wikipedia.org/wiki/The_Time_of_Angels|The Weeping Angels chase the Doctor and his friends through a crashed spaceship.|
33|207|The Vampires of Venice|50|https://en.wikipedia.org/wiki/The_Vampires_of_Venice|The Doctor takes Rory & Amy to 16th Venice, where young women are disappearing.|
33|208|Amy's Choice|45|https://en.wikipedia.org/wiki/Amy%27s_Choice_%28Doctor_Who%29|Amy Pond slips back and forth between two worlds.|
33|209|The Hungry Earth|95|https://en.wikipedia.org/wiki/The_Hungry_Earth|A drilling project in 2020 finds something unexpected under the Earth's crust.|
33|210|Vincent and the Doctor|45|https://en.wikipedia.org/wiki/Vincent_and_the_Doctor|The Doctor and Amy meet Vincent Van Gogh.|
33|211|The Lodger|45|https://en.wikipedia.org/wiki/The_Lodger_%28Doctor_Who%29|The Doctor moves in with Craig, to investigate the second floor of his house.|
33|212|The Pandorica Opens|105|https://en.wikipedia.org/wiki/The_Pandorica_Opens|The Pandorica opens. The universe ends. Rory waits.|
34|213|A Christmas Carol|60|https://en.wikipedia.org/wiki/A_Christmas_Carol_%28Doctor_Who%29|The Doctor must save a crashing spaceship, but what lurks in the fog?|
34|214|The Impossible Astronaut|90|https://en.wikipedia.org/wiki/The_Impossible_Astronaut|The Doctor and co are invited to Lake Silencio, Utah, and then to 1969.|
34|215|The Curse of the Black Spot|45|https://en.wikipedia.org/wiki/The_Curse_of_the_Black_Spot|A ghostly Siren stalks a 17th-century pirate ship.|
34|216|The Doctor's Wife|45|https://en.wikipedia.org/wiki/The_Doctor%27s_Wife|A Time Lord distress call lures the TARDIS to a junkyard in a bubble universe.|
34|217|The Rebel Flesh|90|https://en.wikipedia.org/wiki/The_Rebel_Flesh|Human-like industrial robots are treated poorly and rebel against their makers.|
34|218|A Good Man Goes to War|50|https://en.wikipedia.org/wiki/A_Good_Man_Goes_to_War|The Doctor's darkest hour as he declares war on those who kidnapped Amy.|
34|219|Let's Kill Hitler|50|https://en.wikipedia.org/wiki/Let%27s_Kill_Hitler|Rory and Amy's best mate kidnap the TARDIS to kill Hitler (and the Doctor).|
34|220|Night Terrors|45|https://en.wikipedia.org/wiki/Night_Terrors_%28Doctor_Who%29|A little boy named George is scared of the monsters in his cupboard, so are we.|
34|221|The Girl Who Waited|45|https://en.wikipedia.org/wiki/The_Girl_Who_Waited|The TARDIS lands at a quarantine facility for victims of an alien plague.|
34|222|The God Complex|50|https://en.wikipedia.org/wiki/The_God_Complex|The TARDIS arrives at a hotel where the guests battle their fears.|
34|223|Closing Time|45|https://en.wikipedia.org/wiki/Closing_Time_%28Doctor_Who%29|The Cybermen invade a department store near Craig's house.|
34|224|The Wedding of River Song|45|https://en.wikipedia.org/wiki/The_Wedding_of_River_Song|The Doctor goes to Lake Silencio, Utah to learn why he must die.|
35|225|The Doctor, the Widow and the Wardrobe|60|https://en.wikipedia.org/wiki/The_Doctor,_the_Widow_and_the_Wardrobe|An eccentric caretaker takes a WWI family on a wintery Christmas adventure.|
35|226|Asylum of the Daleks|50|https://en.wikipedia.org/wiki/Asylum_of_the_Daleks|The Daleks summon the Doctor, Amy and Rory to an ice planet.|
35|227|Dinosaurs on a Spaceship|45|https://en.wikipedia.org/wiki/Dinosaurs_on_a_Spaceship|A spaceship full of dinosaurs is on a collision path with Earth.|
35|228|A Town Called Mercy|45|https://en.wikipedia.org/wiki/A_Town_Called_Mercy|The Doctor, Amy and Rory travel to the Old West and face a gunslinging cyborg.|
35|229|The Power of Three|45|https://en.wikipedia.org/wiki/The_Power_of_Three_%28Doctor_Who%29|The Doctor, Amy & Rory investigate small black cubes that have invaded Earth.|
35|230|The Angels Take Manhattan|45|https://en.wikipedia.org/wiki/The_Angels_Take_Manhattan|In 1930s New York, the Doctor, Amy, Rory, and River and face the Weeping Angels.|
35|231|The Snowmen|60|https://en.wikipedia.org/wiki/The_Snowmen|The Doctor & Clara face sinister Doctor Simeon & an army of snowmen.|
35|232|The Bells of Saint John|45|https://en.wikipedia.org/wiki/The_Bells_of_Saint_John|The Doctor & Clara discover that the wifi is harvesting human minds.|
35|233|The Rings of Akhaten|45|https://en.wikipedia.org/wiki/The_Rings_of_Akhaten|The Doctor takes Clara to see the rings of Akhaten & the Festival of Offerings.|
35|234|Cold War|45|https://en.wikipedia.org/wiki/Cold_War_%28Doctor_Who%29|The Doctor and Clara land in a Russian nuclear submarine beneath the Arctic.|
35|235|Hide|45|https://en.wikipedia.org/wiki/Hide_%28Doctor_Who%29|The Doctor and Clara join paranormal investigators at a haunted house.|
35|236|Journey to the Centre of the TARDIS|45|https://en.wikipedia.org/wiki/Journey_to_the_Centre_of_the_TARDIS|After a crash, the Doctor has 30 minutes to find Clara and save the TARDIS.|
35|237|The Crimson Horror|45|https://en.wikipedia.org/wiki/The_Crimson_Horror|In Victorian Yorkshire, the Doctor and Clara investigate corpses with red skin.|
35|238|Nightmare in Silver|45|https://en.wikipedia.org/wiki/Nightmare_in_Silver|Cybermen attack when the Doctor and Clara visit a themepark in space.|
35|239|The Name of the Doctor|45|https://en.wikipedia.org/wiki/The_Name_of_the_Doctor|Someone abducts the Doctor's friends, to lure him to Trenzalore.|
35|240|The Day of the Doctor|75|https://en.wikipedia.org/wiki/The_Day_of_the_Doctor|The Doctors face the destruction of Gallifrey.|
35|241|The Time of the Doctor|60|https://en.wikipedia.org/wiki/The_Time_of_the_Doctor|The universe's deadliest species are drawn to a mysterious message.|
36|242|Deep Breath|76|https://en.wikipedia.org/wiki/Deep_Breath_%28Doctor_Who%29|Clara helps a regenerated Doctor investigate a dinosaur in Victorian London.|
36|243|Into the Dalek|45|https://en.wikipedia.org/wiki/Into_the_Dalek|The Doctor must shrink and travel into the body of a moral Dalek.|
36|244|Robot of Sherwood|45|https://en.wikipedia.org/wiki/Robot_of_Sherwood|The Doctor takes Clara to see that Robin Hood doesn't exist.|
36|245|Listen|45|https://en.wikipedia.org/wiki/Listen_%28Doctor_Who%29|Clara learns what the Doctor fears, as he chases it to the end of the universe.|
36|246|Time Heist|45|https://en.wikipedia.org/wiki/Time_Heist|The Doctor and company break into the most well-guarded bank in the universe.|
36|247|The Caretaker|45|https://en.wikipedia.org/wiki/The_Caretaker_%28Doctor_Who%29|The Doctor goes undercover at Clara's Coal Hill School to stop a killer robot.|
36|248|Kill the Moon|45|https://en.wikipedia.org/wiki/Kill_the_Moon|The Moon is falling apart in 2049, and Clara faces the hardest choice alone.|
36|249|Mummy on the Orient Express|45|https://en.wikipedia.org/wiki/Mummy_on_the_Orient_Express|An ancient mummy is killing passengers on the Orient Express in space.|
36|250|Flatline|45|https://en.wikipedia.org/wiki/Flatline_%28Doctor_Who%29|Clara faces a 2D menace alone as the Doctor is trapped in a shrinking TARDIS.|
36|251|In the Forest of the Night|45|https://en.wikipedia.org/wiki/In_the_Forest_of_the_Night|Over-night trees cover the Earth, and there is nothing the Doctor can do.|
36|252|Dark Water|101|https://en.wikipedia.org/wiki/Dark_Water_%28Doctor_Who%29|The Doctor and Clara enter the Nethersphere, and Missy leads the Cybermen.|
37|253|Last Christmas|60|https://en.wikipedia.org/wiki/Last_Christmas_%28Doctor_Who%29|The Doctor & Clara face their last Christmas, trapped on an Arctic base.|
37|254|The Magician's Apprentice|93|https://en.wikipedia.org/wiki/The_Magician%27s_Apprentice_%28Doctor_Who%29|Planes freeze in mid-air, Clara & Missy die, and the Doctor is trapped on Skaro.|
37|255|Under the Lake|90|https://en.wikipedia.org/wiki/Under_the_Lake|Ghosts haunt an underwater base and the Fisher King threatens the universe.|
37|256|The Girl Who Died|50|https://en.wikipedia.org/wiki/The_Girl_Who_Died|The Doctor and Clara try to save Ashildr and her Viking village from the Mire.|
37|257|The Woman Who Lived|45|https://en.wikipedia.org/wiki/The_Woman_Who_Lived|The Doctor faces the Knightmare, a 1651 highwayman with alien technology.|
37|258|The Zygon Invasion|95|https://en.wikipedia.org/wiki/The_Zygon_Invasion|The Zygon refuges on Earth begin a revolution to live in their true form.|
37|259|Sleep No More|45|https://en.wikipedia.org/wiki/Sleep_No_More_%28Doctor_Who%29|The crew of the space station Le Verrier can't sleep.|
37|260|Face the Raven|45|https://en.wikipedia.org/wiki/Face_the_Raven|Clara and the Doctor try to save a street artist with a countdown tattoo.|
37|261|Heaven Sent|55|https://en.wikipedia.org/wiki/Heaven_Sent_%28Doctor_Who%29|In a tower surrounded by ocean, the Doctor faces the Veil to find Gallifrey.|
37|262|Hell Bent|60|https://en.wikipedia.org/wiki/Hell_Bent_%28Doctor_Who%29|The Doctor returns to Gallifrey to bring Clara back from the dead.|
37|263|The Husbands of River Song|60|https://en.wikipedia.org/wiki/The_Husbands_of_River_Song|River Song drags the Doctor into a chase across the galaxy.|
38|264|The Return of Doctor Mysterio|60|https://en.wikipedia.org/wiki/The_Return_of_Doctor_Mysterio|Nardole and a superhero called The Ghost combat brain-swapping aliens.|
38|265|The Pilot|50|https://en.wikipedia.org/wiki/The_Pilot_(Doctor_Who)|The Doctor teaches a love-struck student.|
38|266|Smile|50|https://en.wikipedia.org/wiki/Smile_(Doctor_Who)|Smiling killer Robots defend a new human colony on a distant planet.|
38|267|Thin Ice|45|https://en.wikipedia.org/wiki/Thin_Ice_(Doctor_Who)|Something lurked beneathe the ice on the Thames in the winter of 1814.|
38|268|Knock Knock|45|https://en.wikipedia.org/wiki/Knock_Knock_(Doctor_Who)|Bill and her mates rent a suspiciously nice flat.|
38|269|Oxygen|45|https://en.wikipedia.org/wiki/Oxygen_(Doctor_Who)|A mining company in space decides air is expensive.|
38|270|Extremis|49|https://en.wikipedia.org/wiki/Extremis_%28Doctor_Who%29|Bill and Nardol find out they are not real.|
38|271|The Pyramid at the End of the World|46|https://en.wikipedia.org/wiki/The_Pyramid_at_the_End_of_the_World|The monks invade Earth.|
38|272|The Lie of the Land|45|https://en.wikipedia.org/wiki/The_Lie_of_the_Land|The monks have always ruled the Earth.|
38|273|Empress of Mars|45|https://en.wikipedia.org/wiki/Empress_of_Mars|Victorian Britain faces the Ice Queen on Mars.|
38|274|The Eaters of Light|44|https://en.wikipedia.org/wiki/The_Eaters_of_Light|The Doctor and Bill search for the Picts.|
38|275|World Enough and Time|115|https://en.wikipedia.org/wiki/World_Enough_and_Time_(Doctor_Who)|Missy becomes the Doctor on a 400-mile-long spaceship escaping a blackhole.|
38|276|Twice Upon a Time|60|https://en.wikipedia.org/wiki/Twice_Upon_a_Time_(Doctor_Who)|The Doctor never wants to go, but he can't find anyone to fight.|
39|277|The Woman Who Fell to Earth|63|https://en.wikipedia.org/wiki/The_Woman_Who_Fell_to_Earth|The Doctor crashes in Sheffield, where a Stenza warrior is hunting humans.|
39|278|The Ghost Monument|50|https://en.wikipedia.org/wiki/The_Ghost_Monument|The crew cross a ravaged planet to find the TARDIS they have never seen.|
39|279|Rosa|50|https://en.wikipedia.org/wiki/Rosa_(Doctor_Who)|The Doctor meets Rosa Parks.|
39|280|Arachnids in the UK|50|https://en.wikipedia.org/wiki/Arachnids_in_the_UK|Giant spiders attack Sheffield.|
39|281|The Tsuranga Conundrum|50|https://en.wikipedia.org/wiki/The_Tsuranga_Conundrum|The crew is stuck on a self-destructing medical ship, under attack by a Pting.|
39|282|Demons of the Punjab|50|https://en.wikipedia.org/wiki/Demons_of_the_Punjab|Yaz's grandma was on the Pakistan, India border during the Partisian in 1947.|
39|283|Kerblam!|50|https://en.wikipedia.org/wiki/Kerblam!|The Doctor gets a message for help on a packaging slip in a Kerb!am gift box.|
39|284|The Witchfinders|50|https://en.wikipedia.org/wiki/The_Witchfinders|The crew arrives in 17th century England, during a Witch Hunt.|
39|285|It Takes You Away|49|https://en.wikipedia.org/wiki/It_Takes_You_Away|The Solitract is a lonely universe and it is reaching out for a friend.|
39|286|The Battle of Ranskoor Av Kolos|50|https://en.wikipedia.org/wiki/The_Battle_of_Ranskoor_Av_Kolos|The Stenza warrior Tim Shaw has taken hold of the power of the Ux.|
39|287|Resolution|60|https://en.wikipedia.org/wiki/Resolution_(Doctor_Who)|The most dangerous monster in the universe crashed on Earth 900 years ago.|
40|288|Spyfall|119|https://en.wikipedia.org/wiki/Spyfall_(Doctor_Who)|Spies all around the world are being mysteriously killed.|
40|289|Orphan 55|46|https://en.wikipedia.org/wiki/Orphan_55|The team try to take a vacation on an idyllic vacation beach planet.|
40|290|Nikola Tesla's Night of Terror|50|https://en.wikipedia.org/wiki/Nikola_Tesla%27s_Night_of_Terror|Niola Tesla finds a small metal orb floating in the air.|
40|291|Fugitive of the Judoon|50|https://en.wikipedia.org/wiki/Fugitive_of_the_Judoon|The Judoon take over a small British village looking for a viscious criminal.|
40|292|Praxeus|49|https://en.wikipedia.org/wiki/Praxeus|Mysterious viruses hit various places around the world simulataneously.|
40|293|Can You Hear Me?|49|https://en.wikipedia.org/wiki/Can_You_Hear_Me%3F_(Doctor_Who)|Dreams haunt the team and come to life.|
40|294|The Haunting of Villa Diodati|49|https://en.wikipedia.org/wiki/The_Haunting_of_Villa_Diodati|Lord Byron and Mary Shelley are attacked by ghosts and skeletons.|
40|295|The Timeless Children|114|https://en.wikipedia.org/wiki/Ascension_of_the_Cybermen|The Doctor and the team have to face the Cyber wars.|
